{"cameraMode":{"drawMode":0,"name":"Shaded","section":"Shading Mode"},"sceneLighting":true,"audioPlay":false,"sceneViewState":{"showFog":true,"showMaterialUpdate":true,"showSkybox":true,"showFlares":true,"showImageEffects":true,"showParticleSystems":true},"in2DMode":false,"pivot":{"x":-0.8070223331451416,"y":0.7126105427742004,"z":-0.11608099937438965},"rotation":{"x":-0.09159588068723679,"y":0.4651038944721222,"z":-0.048456184566020969,"w":-0.879173219203949},"size":2.7545926570892336,"orthographic":false}