{"cameraMode":{"drawMode":0,"name":"Shaded","section":"Shading Mode"},"sceneLighting":true,"audioPlay":false,"sceneViewState":{"showFog":true,"showMaterialUpdate":true,"showSkybox":true,"showFlares":true,"showImageEffects":true,"showParticleSystems":true},"in2DMode":false,"pivot":{"x":-3.7270874977111818,"y":-0.2479153871536255,"z":-1.199737548828125},"rotation":{"x":0.096438467502594,"y":-0.6797537803649902,"z":0.09087575972080231,"w":0.721397876739502},"size":2.661700487136841,"orthographic":false}