{"cameraMode":{"drawMode":0,"name":"Shaded","section":"Shading Mode"},"sceneLighting":true,"audioPlay":false,"sceneViewState":{"showFog":true,"showMaterialUpdate":true,"showSkybox":true,"showFlares":true,"showImageEffects":true,"showParticleSystems":true},"in2DMode":false,"pivot":{"x":0.546269416809082,"y":0.35029125213623049,"z":0.6928665637969971},"rotation":{"x":-0.12285669893026352,"y":0.33306506276130679,"z":-0.043818116188049319,"w":-0.9338406920433044},"size":3.0545926094055177,"orthographic":false}