{"cameraMode":{"drawMode":0,"name":"Shaded","section":"Shading Mode"},"sceneLighting":true,"audioPlay":false,"sceneViewState":{"showFog":true,"showMaterialUpdate":true,"showSkybox":true,"showFlares":true,"showImageEffects":true,"showParticleSystems":true},"in2DMode":false,"pivot":{"x":-25.10191535949707,"y":-11.23728084564209,"z":21.755952835083009},"rotation":{"x":-0.15319417417049409,"y":0.41268303990364077,"z":-0.07062692940235138,"w":-0.8951265215873718},"size":18.925424575805665,"orthographic":false}